INSERT INTO cannabis (name, image, specie, type, level, price_gram, description, tested, life_in_weeks) VALUES ('Fat Bastard', '' , 'Indica', 'THC', '38', 30,'Pure THC','Yes', 24L);
INSERT INTO cannabis (name, image, specie, type, level, price_gram, description, tested, life_in_weeks) VALUES ('Future One', '' , 'Indica', 'THC', '37', 30, 'Pure THC','Yes', 24L);
INSERT INTO cannabis (name, image, specie, type, level, price_gram, description, tested, life_in_weeks) VALUES ('Imperium X', '' , 'Indica', 'THC', '36', 26, 'Pure THC','Yes', 24L);
INSERT INTO cannabis (name, image, specie, type, level, price_gram, description, tested, life_in_weeks) VALUES ('Frozen Black Cherry', '' , 'Indica', 'THC', '36', 26,'Pure THC','Yes', 24L);
INSERT INTO cannabis (name, image, specie, type, level, price_gram, description, tested, life_in_weeks) VALUES ('Animal GMO', '' , 'Indica', 'THC', '35', 24,'Pure THC','Yes', 24L);
INSERT INTO cannabis (name, image, specie, type, level, price_gram, description, tested, life_in_weeks) VALUES ('Chiquita Banana', '' , 'Indica', 'THC', '34', 24,'Pure THC','Yes', 24L);
INSERT INTO cannabis (name, image, specie, type, level, price_gram, description, tested, life_in_weeks) VALUES ('Sleepy Joe', '' , 'Indica', 'THC', '34', 20,'Pure THC','Yes', 24L);
INSERT INTO cannabis (name, image, specie, type, level, price_gram, description, tested, life_in_weeks) VALUES ('Gorilla Cookies', '' , 'Indica', 'THC', '30', 20,'Pure THC','Yes', 24L);
INSERT INTO cannabis (name, image, specie, type, level, price_gram, description, tested, life_in_weeks) VALUES ('Strawberry Banana', '' , 'Indica', 'THC', '27', 15 ,'Pure THC','Yes', 24L);
INSERT INTO cannabis (name, image, specie, type, level, price_gram, description, tested, life_in_weeks) VALUES ('Sugar Black Rose', '' , 'Indica', 'THC', '25', 15,'Pure THC','Yes', 24L);
INSERT INTO cannabis (name, image, specie, type, level, price_gram, description, tested, life_in_weeks) VALUES ('Skywalker Haze', '' , 'Indica', 'THC', '24', 14,'Pure THC','Yes', 24L);
INSERT INTO cannabis (name, image, specie, type, level, price_gram, description, tested, life_in_weeks) VALUES ('Forbidden Fruit', '' , 'Indica', 'THC', '24', 14,'Pure THC','Yes', 24L);
INSERT INTO cannabis (name, image, specie, type, level, price_gram, description, tested, life_in_weeks) VALUES ('Manga Rosa', '' , 'Indica', 'THC', '23', 10, 'Pure THC','Yes', 24L);
INSERT INTO cannabis (name, image, specie, type, level, price_gram, description, tested, life_in_weeks) VALUES ('Lemon Haze', '' , 'Indica', 'THC', '22', 10,'Pure THC','Yes', 24L);
INSERT INTO cannabis (name, image, specie, type, level, price_gram, description, tested, life_in_weeks) VALUES ('Sour Diesel', '' , 'Indica', 'CBD', '29', 30,'Pure CBD','Yes', 24L);
INSERT INTO cannabis (name, image, specie, type, level, price_gram, description, tested, life_in_weeks) VALUES ('Secret', '' , 'Indica', 'CBD', '24', 26,'Pure CBD','Yes', 24L);
INSERT INTO cannabis (name, image, specie, type, level, price_gram, description, tested, life_in_weeks) VALUES ('Sweet Critical', '' , 'Indica', 'CBD', '22', 24,'Pure CBD','Yes', 24L);
INSERT INTO cannabis (name, image, specie, type, level, price_gram, description, tested, life_in_weeks) VALUES ('Purple Punch', '' , 'Indica', 'CBD', '20', 24,'Pure CBD','Yes', 24L);
INSERT INTO cannabis (name, image, specie, type, level, price_gram, description, tested, life_in_weeks) VALUES ('Cherry Wife', '' , 'Indica', 'CBD', '18', 15,'Pure CBD','Yes', 24L);
INSERT INTO cannabis (name, image, specie, type, level, price_gram, description, tested, life_in_weeks) VALUES ('Swiss Dream Rosé', '' , 'Indica', 'CBD', '17', 15,'Pure CBD','Yes', 24L);
INSERT INTO cannabis (name, image, specie, type, level, price_gram, description, tested, life_in_weeks) VALUES ('Red Pure', '' , 'Indica', 'CBD', '17', 15,'Pure CBD','Yes', 24L);
INSERT INTO cannabis (name, image, specie, type, level, price_gram, description, tested, life_in_weeks) VALUES ('Super Sweet Grass', '' , 'Indica', 'CBD', '15', 10,'Pure CBD','Yes', 24L);
INSERT INTO cannabis (name, image, specie, type, level, price_gram, description, tested, life_in_weeks) VALUES ('Northen Lights', '' , 'Indica', 'CBD', '12', 10,'Pure CBD','Yes', 24L);
INSERT INTO cannabis (name, image, specie, type, level, price_gram, description, tested, life_in_weeks) VALUES ('Sweet Nurse', '' , 'Indica', 'CBDHybrid', '15', 30,'CBD Hybrid: CBD 1:1 THC','Yes', 24L);
INSERT INTO cannabis (name, image, specie, type, level, price_gram, description, tested, life_in_weeks) VALUES ('Stress Killer', '' , 'Indica', 'CBDHybrid', '11', 26,'CBD Hybrid: CBD 1:1 THC','Yes', 24L);
INSERT INTO cannabis (name, image, specie, type, level, price_gram, description, tested, life_in_weeks) VALUES ('Painkiller', '' , 'Indica', 'CBDHybrid', '9', 24,'CBD Hybrid: CBD 1:1 THC','Yes', 24L);
INSERT INTO cannabis (name, image, specie, type, level, price_gram, description, tested, life_in_weeks) VALUES ('Euphoria', '' , 'Indica', 'CBDHybrid', '9', 15,'CBD Hybrid: CBD 1:1 THC','Yes', 24L);
INSERT INTO cannabis (name, image, specie, type, level, price_gram, description, tested, life_in_weeks) VALUES ('Soganjah', '' , 'Indica', 'CBDHybrid', '15', 24,'CBD Hybrid: CBD 2:1 THC','Yes', 24L);
INSERT INTO cannabis (name, image, specie, type, level, price_gram, description, tested, life_in_weeks) VALUES ('Green Gelato', '' , 'Indica', 'CBDHybrid', '12', 15,'CBD Hybrid: CBD 2:1 THC','Yes', 24L);
INSERT INTO cannabis (name, image, specie, type, level, price_gram, description, tested, life_in_weeks) VALUES ('Medic Haze', '' , 'Indica', 'CBDHybrid', '8', 10, 'CBD Hybrid: CBD 2:1 THC','Yes', 24L);
INSERT INTO cannabis (name, image, specie, type, level, price_gram, description, tested, life_in_weeks) VALUES ('Jack Diesel', '' , 'Indica', 'CBDHybrid', '20', 10 ,'CBD Hybrid: CBD 3:2 THC','Yes', 24L);
INSERT INTO cannabis (name, image, specie, type, level, price_gram, description, tested, life_in_weeks) VALUES ('Sweet Love', '' , 'Indica', 'CBDHybrid', '10', 10 ,'CBD Hybrid: CBD 2:3 THC','Yes', 24L);
INSERT INTO cannabis (name, image, specie, type, level, price_gram, description, tested, life_in_weeks) VALUES ('Earthquake', '' , 'Indica', 'CBDHybrid', '6.5', 10,'CBD Hybrid: CBD 1:1 CBG','Yes', 24L);
INSERT INTO cannabis (name, image, specie, type, level, price_gram, description, tested, life_in_weeks) VALUES ('Sologerol', '' , 'Indica', 'CBG', '18', 30,'Pure CBG','Yes', 24L);
INSERT INTO cannabis (name, image, specie, type, level, price_gram, description, tested, life_in_weeks) VALUES ('White Giant', '' , 'Indica', 'CBG', '18', 30, 'Pure CBG','Yes', 24L);
INSERT INTO cannabis (name, image, specie, type, level, price_gram, description, tested, life_in_weeks) VALUES ('Force', '' , 'Indica', 'CBG', '15', 26,'Pure CBG','Yes', 24L);
INSERT INTO cannabis (name, image, specie, type, level, price_gram, description, tested, life_in_weeks) VALUES ('Eboshi', '' , 'Indica', 'CBG', '15', 24,'Pure CBG','Yes', 24L);
INSERT INTO cannabis (name, image, specie, type, level, price_gram, description, tested, life_in_weeks) VALUES ('Exotic Pure', '' , 'Indica', 'CBG','14', 15,'Pure CBG','Yes', 24L);
INSERT INTO cannabis (name, image, specie, type, level, price_gram, description, tested, life_in_weeks) VALUES ('Relief', '' , 'Indica', 'CBG', '12', 15,'Pure CBG','Yes', 24L);
INSERT INTO cannabis (name, image, specie, type, level, price_gram, description, tested, life_in_weeks) VALUES ('Royal', '' , 'Indica', 'CBG', '8', 10, 'Pure CBG','Yes', 24L);
INSERT INTO cannabis_product (type, name, image, dosage, cannabis_id, description, price) VALUES ('Óleo de THC','Fat Bastard', '' , 200, 1, '', 180);
INSERT INTO cannabis_product (type, name, image, dosage, cannabis_id, description, price) VALUES ('Óleo de THC','Future #1', '' ,  200, 2, '', 180);
INSERT INTO cannabis_product (type, name, image, dosage, cannabis_id, description, price) VALUES ('Óleo de THC','Frozen Black Cherry', '' , 150 , 3, '', 156);
INSERT INTO cannabis_product (type, name, image, dosage, cannabis_id, description, price) VALUES ('Óleo de THC','Imperium X', '' , 150 , 4, '', 156);
INSERT INTO cannabis_product (type, name, image, dosage, cannabis_id, description, price) VALUES ('Óleo de THC','GMO x Animal Cookies', '' , 100 , 5, '', 144);
INSERT INTO cannabis_product (type, name, image, dosage, cannabis_id, description, price) VALUES ('Óleo de THC','Chiquita Banana', '' , 100 , 6, '', 144);
INSERT INTO cannabis_product (type, name, image, dosage, cannabis_id, description, price) VALUES ('Óleo de THC','Sleepy Joe', '' , 70 ,  7,'', 120);
INSERT INTO cannabis_product (type, name, image, dosage, cannabis_id, description, price) VALUES ('Óleo de THC','Gorilla Cookies', '' , 70 , 8, '', 120);
INSERT INTO cannabis_product (type, name, image, dosage, cannabis_id, description, price) VALUES ('Óleo de THC','Strawberry Banana', '' , 50 , 9, '', 90);
INSERT INTO cannabis_product (type, name, image, dosage, cannabis_id, description, price) VALUES ('Óleo de THC','Sugar Black Rose', '' , 50 , 10, '', 90);
INSERT INTO cannabis_product (type, name, image, dosage, cannabis_id, description, price) VALUES ('Óleo de THC','Skywalker Haze', '' , 40 , 11, '', 84);
INSERT INTO cannabis_product (type, name, image, dosage, cannabis_id, description, price) VALUES ('Óleo de THC','Forbidden Fruit', '' , 40 , 12, '', 84);
INSERT INTO cannabis_product (type, name, image, dosage, cannabis_id, description, price) VALUES ('Óleo de THC','Manga Rosa', '' , 20 , 13, '', 60);
INSERT INTO cannabis_product (type, name, image, dosage, cannabis_id, description, price) VALUES ('Óleo de THC','Lemon Haze', '' , 20 , 14, '', 60);
INSERT INTO cannabis_product (type, name, image, dosage, cannabis_id, description, price) VALUES ('Óleo de CBD','Sour Diesel', '' , 200 , 15, '', 180);
INSERT INTO cannabis_product (type, name, image, dosage, cannabis_id, description, price) VALUES ('Óleo de CBD','Secret', '', 150 , 16, '', 156);
INSERT INTO cannabis_product (type, name, image, dosage, cannabis_id, description, price) VALUES ('Óleo de CBD','Sweet Critical', '' , 100 , 17, '', 144);
INSERT INTO cannabis_product (type, name, image, dosage, cannabis_id, description, price) VALUES ('Óleo de CBD','Purple Punch', '' , 100 , 18, '', 144);
INSERT INTO cannabis_product (type, name, image, dosage, cannabis_id, description, price) VALUES ('Óleo de CBD','Cherry Wife', '' , 50 , 19,  '', 90);
INSERT INTO cannabis_product (type, name, image, dosage, cannabis_id, description, price) VALUES ('Óleo de CBD','Swiss Dream Rose', '' , 50 , 20,  '', 90);
INSERT INTO cannabis_product (type, name, image, dosage, cannabis_id, description, price) VALUES ('Óleo de CBD','Red Pure', '' , 50 , 21,  '', 90);
INSERT INTO cannabis_product (type, name, image, dosage, cannabis_id, description, price) VALUES ('Óleo de CBD','Super Sweet Grass', '' , 40 , 22, '', 60);
INSERT INTO cannabis_product (type, name, image, dosage, cannabis_id, description, price) VALUES ('Óleo de CBD','Northern Lights', '' , 40 , 23, '', 60);
INSERT INTO cannabis_product (type, name, image, dosage, cannabis_id, description, price) VALUES ('Óleo de CBD 1:1 THC','Sweet Nurse', '' , 200 ,24 , '', 180);
INSERT INTO cannabis_product (type, name, image, dosage, cannabis_id, description, price) VALUES ('Óleo de CBD 1:1 THC','Stress Killer', '' , 150 , 25,  '', 156);
INSERT INTO cannabis_product (type, name, image, dosage, cannabis_id, description, price) VALUES ('Óleo de CBD 1:1 THC','Pain Killer', '' , 100 , 26, '', 144);
INSERT INTO cannabis_product (type, name, image, dosage, cannabis_id, description, price) VALUES ('Óleo de CBD 1:1 THC','Euphoria', '' , 50 , 27, '', 90);
INSERT INTO cannabis_product (type, name, image, dosage, cannabis_id, description, price) VALUES ('Óleo de CBD 2:1 THC','Sojangah', '' , 100 , 28, '', 144);
INSERT INTO cannabis_product (type, name, image, dosage, cannabis_id, description, price) VALUES ('Óleo de CBD 2:1 THC','Green Gelato', '' , 50 , 29,  '', 90);
INSERT INTO cannabis_product (type, name, image, dosage, cannabis_id, description, price) VALUES ('Óleo de CBD 2:1 THC','Medic Haze', '' , 40 , 30, '', 60);
INSERT INTO cannabis_product (type, name, image, dosage, cannabis_id, description, price) VALUES ('Óleo de CBD 3:2 THC','Jack Diesel', '' , 40 , 31, '', 60);
INSERT INTO cannabis_product (type, name, image, dosage, cannabis_id, description, price) VALUES ('Óleo de CBD 2:3 THC','Sweet Love', '' , 40 , 32, '', 60);
INSERT INTO cannabis_product (type, name, image, dosage, cannabis_id, description, price) VALUES ('Óleo de CBG','Sologerol', '' , 200 , 33, '', 180);
INSERT INTO cannabis_product (type, name, image, dosage, cannabis_id, description, price) VALUES ('Óleo de CBG','White Giant', '' , 200 , 34,  '', 180);
INSERT INTO cannabis_product (type, name, image, dosage, cannabis_id, description, price) VALUES ('Óleo de CBG','Force', '' , 150 , 35, '', 156);
INSERT INTO cannabis_product (type, name, image, dosage, cannabis_id, description, price) VALUES ('Óleo de CBG','Eboshi', '' , 100 , 36, '', 144);
INSERT INTO cannabis_product (type, name, image, dosage, cannabis_id, description, price) VALUES ('Óleo de CBG','Exotic Pure', '' , 50 , 37, '', 90);
INSERT INTO cannabis_product (type, name, image, dosage, cannabis_id, description, price) VALUES ('Óleo de CBG','Relief', '' , 50 , 38, '', 90);
INSERT INTO cannabis_product (type, name, image, dosage, cannabis_id, description, price) VALUES ('Óleo de CBG','Royal', '' , 40 , 39, '', 60);
INSERT INTO cannabis_product (type, name, image, dosage, cannabis_id, description, price) VALUES ('Óleo de CBG 1:1 CBD','Earthquake', '' , 40 , 40 , '', 60);
INSERT INTO product_plants (plant_id, product_id) VALUES (1,1);
INSERT INTO product_plants (plant_id, product_id) VALUES (2,2);
INSERT INTO product_plants (plant_id, product_id) VALUES (3,3);
INSERT INTO product_plants (plant_id, product_id) VALUES (4,4);
INSERT INTO product_plants (plant_id, product_id) VALUES (5,5);
INSERT INTO product_plants (plant_id, product_id) VALUES (6,6);
INSERT INTO product_plants (plant_id, product_id) VALUES (7,7);
INSERT INTO product_plants (plant_id, product_id) VALUES (8,8);
INSERT INTO product_plants (plant_id, product_id) VALUES (9,9);
INSERT INTO product_plants (plant_id, product_id) VALUES (10,10);
INSERT INTO product_plants (plant_id, product_id) VALUES (11,11);
INSERT INTO product_plants (plant_id, product_id) VALUES (12,12);
INSERT INTO product_plants (plant_id, product_id) VALUES (13,13);
INSERT INTO product_plants (plant_id, product_id) VALUES (14,14);
INSERT INTO product_plants (plant_id, product_id) VALUES (15,15);
INSERT INTO product_plants (plant_id, product_id) VALUES (16,16);
INSERT INTO product_plants (plant_id, product_id) VALUES (17,17);
INSERT INTO product_plants (plant_id, product_id) VALUES (18,18);
INSERT INTO product_plants (plant_id, product_id) VALUES (19,19);
INSERT INTO product_plants (plant_id, product_id) VALUES (20,20);
INSERT INTO product_plants (plant_id, product_id) VALUES (21,21);
INSERT INTO product_plants (plant_id, product_id) VALUES (22,22);
INSERT INTO product_plants (plant_id, product_id) VALUES (23,23);
INSERT INTO product_plants (plant_id, product_id) VALUES (24,24);
INSERT INTO product_plants (plant_id, product_id) VALUES (25,25);
INSERT INTO product_plants (plant_id, product_id) VALUES (26,26);
INSERT INTO product_plants (plant_id, product_id) VALUES (27,27);
INSERT INTO product_plants (plant_id, product_id) VALUES (28,28);
INSERT INTO product_plants (plant_id, product_id) VALUES (29,29);
INSERT INTO product_plants (plant_id, product_id) VALUES (30,30);
INSERT INTO product_plants (plant_id, product_id) VALUES (31,31);
INSERT INTO product_plants (plant_id, product_id) VALUES (32,32);
INSERT INTO product_plants (plant_id, product_id) VALUES (33,33);
INSERT INTO product_plants (plant_id, product_id) VALUES (34,34);
INSERT INTO product_plants (plant_id, product_id) VALUES (35,35);
INSERT INTO product_plants (plant_id, product_id) VALUES (36,36);
INSERT INTO product_plants (plant_id, product_id) VALUES (37,37);
INSERT INTO product_plants (plant_id, product_id) VALUES (38,38);
INSERT INTO product_plants (plant_id, product_id) VALUES (39,39);
INSERT INTO product_plants (plant_id, product_id) VALUES (40,40);
INSERT INTO employee (first_name, last_name, cpf, birth_date, email, phone, address, salary,  department) VALUES('Pedro Cássio', 'Dias de Amorim', '983.635.492-15', '1995-09-29', 'amorimpedrocassio@gmail.com', '(91) 99233-1623', 'Passagem Bela Vista, 150, São João' , 10000.0 , 'Vendas');
