INSERT INTO cannabis (name, image, specie, nature, level, price_gram, description, tested, life_in_weeks) VALUES ('Fat Bastard', '' , 'Indica', 'THC', '38', 30,'Pure THC','Yes', 24);
INSERT INTO cannabis (name, image, specie, nature, level, price_gram, description, tested, life_in_weeks) VALUES ('Future One', '' , 'Indica', 'THC', '37', 30, 'Pure THC','Yes', 24);
INSERT INTO cannabis (name, image, specie, nature, level, price_gram, description, tested, life_in_weeks) VALUES ('Imperium X', '' , 'Indica', 'THC', '36', 26, 'Pure THC','Yes', 24);
INSERT INTO cannabis (name, image, specie, nature, level, price_gram, description, tested, life_in_weeks) VALUES ('Frozen Black Cherry', '' , 'Indica', 'THC', '36', 26,'Pure THC','Yes', 24);
INSERT INTO cannabis (name, image, specie, nature, level, price_gram, description, tested, life_in_weeks) VALUES ('Animal GMO', '' , 'Indica', 'THC', '35', 24,'Pure THC','Yes', 24);
INSERT INTO cannabis (name, image, specie, nature, level, price_gram, description, tested, life_in_weeks) VALUES ('Chiquita Banana', '' , 'Indica', 'THC', '34', 24,'Pure THC','Yes', 24);
INSERT INTO cannabis (name, image, specie, nature, level, price_gram, description, tested, life_in_weeks) VALUES ('Sleepy Joe', '' , 'Indica', 'THC', '34', 20,'Pure THC','Yes', 24);
INSERT INTO cannabis (name, image, specie, nature, level, price_gram, description, tested, life_in_weeks) VALUES ('Gorilla Cookies', '' , 'Indica', 'THC', '30', 20,'Pure THC','Yes', 24);
INSERT INTO cannabis (name, image, specie, nature, level, price_gram, description, tested, life_in_weeks) VALUES ('Strawberry Banana', '' , 'Indica', 'THC', '27', 15 ,'Pure THC','Yes', 24);
INSERT INTO cannabis (name, image, specie, nature, level, price_gram, description, tested, life_in_weeks) VALUES ('Sugar Black Rose', '' , 'Indica', 'THC', '25', 15,'Pure THC','Yes', 24);
INSERT INTO cannabis (name, image, specie, nature, level, price_gram, description, tested, life_in_weeks) VALUES ('Skywalker Haze', '' , 'Indica', 'THC', '24', 14,'Pure THC','Yes', 24);
INSERT INTO cannabis (name, image, specie, nature, level, price_gram, description, tested, life_in_weeks) VALUES ('Forbidden Fruit', '' , 'Indica', 'THC', '24', 14,'Pure THC','Yes', 24);
INSERT INTO cannabis (name, image, specie, nature, level, price_gram, description, tested, life_in_weeks) VALUES ('Manga Rosa', '' , 'Indica', 'THC', '23', 10, 'Pure THC','Yes', 24);
INSERT INTO cannabis (name, image, specie, nature, level, price_gram, description, tested, life_in_weeks) VALUES ('Lemon Haze', '' , 'Indica', 'THC', '22', 10,'Pure THC','Yes', 24);
INSERT INTO cannabis (name, image, specie, nature, level, price_gram, description, tested, life_in_weeks) VALUES ('Sour Diesel', '' , 'Indica', 'CBD', '29', 30,'Pure CBD','Yes', 24);
INSERT INTO cannabis (name, image, specie, nature, level, price_gram, description, tested, life_in_weeks) VALUES ('Secret', '' , 'Indica', 'CBD', '24', 26,'Pure CBD','Yes', 24);
INSERT INTO cannabis (name, image, specie, nature, level, price_gram, description, tested, life_in_weeks) VALUES ('Sweet Critical', '' , 'Indica', 'CBD', '22', 24,'Pure CBD','Yes', 24);
INSERT INTO cannabis (name, image, specie, nature, level, price_gram, description, tested, life_in_weeks) VALUES ('Purple Punch', '' , 'Indica', 'CBD', '20', 24,'Pure CBD','Yes', 24);
INSERT INTO cannabis (name, image, specie, nature, level, price_gram, description, tested, life_in_weeks) VALUES ('Cherry Wife', '' , 'Indica', 'CBD', '18', 15,'Pure CBD','Yes', 24);
INSERT INTO cannabis (name, image, specie, nature, level, price_gram, description, tested, life_in_weeks) VALUES ('Swiss Dream Rosé', '' , 'Indica', 'CBD', '17', 15,'Pure CBD','Yes', 24);
INSERT INTO cannabis (name, image, specie, nature, level, price_gram, description, tested, life_in_weeks) VALUES ('Red Pure', '' , 'Indica', 'CBD', '17', 15,'Pure CBD','Yes', 24);
INSERT INTO cannabis (name, image, specie, nature, level, price_gram, description, tested, life_in_weeks) VALUES ('Super Sweet Grass', '' , 'Indica', 'CBD', '15', 10,'Pure CBD','Yes', 24);
INSERT INTO cannabis (name, image, specie, nature, level, price_gram, description, tested, life_in_weeks) VALUES ('Northen Lights', '' , 'Indica', 'CBD', '12', 10,'Pure CBD','Yes', 24);
INSERT INTO cannabis (name, image, specie, nature, level, price_gram, description, tested, life_in_weeks) VALUES ('Sweet Nurse', '' , 'Indica', 'CBDHybrid', '15', 30,'CBD Hybrid: CBD 1:1 THC','Yes', 24);
INSERT INTO cannabis (name, image, specie, nature, level, price_gram, description, tested, life_in_weeks) VALUES ('Stress Killer', '' , 'Indica', 'CBDHybrid', '11', 26,'CBD Hybrid: CBD 1:1 THC','Yes', 24);
INSERT INTO cannabis (name, image, specie, nature, level, price_gram, description, tested, life_in_weeks) VALUES ('Painkiller', '' , 'Indica', 'CBDHybrid', '9', 24,'CBD Hybrid: CBD 1:1 THC','Yes', 24);
INSERT INTO cannabis (name, image, specie, nature, level, price_gram, description, tested, life_in_weeks) VALUES ('Euphoria', '' , 'Indica', 'CBDHybrid', '9', 15,'CBD Hybrid: CBD 1:1 THC','Yes', 24);
INSERT INTO cannabis (name, image, specie, nature, level, price_gram, description, tested, life_in_weeks) VALUES ('Soganjah', '' , 'Indica', 'CBDHybrid', '15', 24,'CBD Hybrid: CBD 2:1 THC','Yes', 24);
INSERT INTO cannabis (name, image, specie, nature, level, price_gram, description, tested, life_in_weeks) VALUES ('Green Gelato', '' , 'Indica', 'CBDHybrid', '12', 15,'CBD Hybrid: CBD 2:1 THC','Yes', 24);
INSERT INTO cannabis (name, image, specie, nature, level, price_gram, description, tested, life_in_weeks) VALUES ('Medic Haze', '' , 'Indica', 'CBDHybrid', '8', 10, 'CBD Hybrid: CBD 2:1 THC','Yes', 24);
INSERT INTO cannabis (name, image, specie, nature, level, price_gram, description, tested, life_in_weeks) VALUES ('Jack Diesel', '' , 'Indica', 'CBDHybrid', '20', 10 ,'CBD Hybrid: CBD 3:2 THC','Yes', 24);
INSERT INTO cannabis (name, image, specie, nature, level, price_gram, description, tested, life_in_weeks) VALUES ('Sweet Love', '' , 'Indica', 'CBDHybrid', '10', 10 ,'CBD Hybrid: CBD 2:3 THC','Yes', 24);
INSERT INTO cannabis (name, image, specie, nature, level, price_gram, description, tested, life_in_weeks) VALUES ('Earthquake', '' , 'Indica', 'CBDHybrid', '6.5', 10,'CBD Hybrid: CBD 1:1 CBG','Yes', 24);
INSERT INTO cannabis (name, image, specie, nature, level, price_gram, description, tested, life_in_weeks) VALUES ('Sologerol', '' , 'Indica', 'CBG', '18', 30,'Pure CBG','Yes', 24);
INSERT INTO cannabis (name, image, specie, nature, level, price_gram, description, tested, life_in_weeks) VALUES ('White Giant', '' , 'Indica', 'CBG', '18', 30, 'Pure CBG','Yes', 24);
INSERT INTO cannabis (name, image, specie, nature, level, price_gram, description, tested, life_in_weeks) VALUES ('Force', '' , 'Indica', 'CBG', '15', 26,'Pure CBG','Yes', 24);
INSERT INTO cannabis (name, image, specie, nature, level, price_gram, description, tested, life_in_weeks) VALUES ('Eboshi', '' , 'Indica', 'CBG', '15', 24,'Pure CBG','Yes', 24);
INSERT INTO cannabis (name, image, specie, nature, level, price_gram, description, tested, life_in_weeks) VALUES ('Exotic Pure', '' , 'Indica', 'CBG','14', 15,'Pure CBG','Yes', 24);
INSERT INTO cannabis (name, image, specie, nature, level, price_gram, description, tested, life_in_weeks) VALUES ('Relief', '' , 'Indica', 'CBG', '12', 15,'Pure CBG','Yes', 24);
INSERT INTO cannabis (name, image, specie, nature, level, price_gram, description, tested, life_in_weeks) VALUES ('Royal', '' , 'Indica', 'CBG', '8', 10, 'Pure CBG','Yes', 24);
INSERT INTO product (nature, name, image, description) VALUES ('THC','Fat Bastard', '' ,  'Óleo de THC Puro Full Spectrum');
INSERT INTO product (nature, name, image, description) VALUES ('THC','Future #1', '' ,  'Óleo de THC Puro Full Spectrum');
INSERT INTO product (nature, name, image, description) VALUES ('THC','Frozen Black Cherry', '' ,  'Óleo de THC Puro Full Spectrum');
INSERT INTO product (nature, name, image, description) VALUES ('THC','Imperium X', ''  ,'Óleo de THC Puro Full Spectrum');
INSERT INTO product (nature, name, image, description) VALUES ('THC','GMO x Animal Cookies', '' , 'Óleo de THC Puro Full Spectrum');
INSERT INTO product (nature, name, image, description) VALUES ('THC','Chiquita Banana', '' , 'Óleo de THC Puro Full Spectrum');
INSERT INTO product (nature, name, image, description) VALUES ('THC','Sleepy Joe', '' ,'Óleo de THC Puro Full Spectrum');
INSERT INTO product (nature, name, image, description) VALUES ('THC','Gorilla Cookies', '' ,'Óleo de THC Puro Full Spectrum');
INSERT INTO product (nature, name, image, description) VALUES ('THC','Strawberry Banana', '' ,'Óleo de THC Puro Full Spectrum');
INSERT INTO product (nature, name, image, description) VALUES ('THC','Sugar Black Rose', '' ,'Óleo de THC Puro Full Spectrum');
INSERT INTO product (nature, name, image, description) VALUES ('THC','Skywalker Haze', '' ,'Óleo de THC Puro Full Spectrum');
INSERT INTO product (nature, name, image, description) VALUES ('THC','Forbidden Fruit', '' ,'Óleo de THC Puro Full Spectrum');
INSERT INTO product (nature, name, image, description) VALUES ('THC','Manga Rosa', '' ,'Óleo de THC Puro Full Spectrum');
INSERT INTO product (nature, name, image, description) VALUES ('THC','Lemon Haze', '' ,'Óleo de THC Puro Full Spectrum');
INSERT INTO product (nature, name, image, description) VALUES ('CBD','Sour Diesel', '' ,'Óleo de CBD Puro Full Spectrum');
INSERT INTO product (nature, name, image, description) VALUES ('CBD','Secret', '' ,'Óleo de CBD Puro Full Spectrum');
INSERT INTO product (nature, name, image, description) VALUES ('CBD','Sweet Critical', '' ,'Óleo de CBD Puro Full Spectrum');
INSERT INTO product (nature, name, image, description) VALUES ('CBD','Purple Punch', '' ,'Óleo de CBD Puro Full Spectrum');
INSERT INTO product (nature, name, image, description) VALUES ('CBD','Cherry Wife', '' ,'Óleo de CBD Puro Full Spectrum');
INSERT INTO product (nature, name, image, description) VALUES ('CBD','Swiss Dream Rosé', '' ,'Óleo de CBD Puro Full Spectrum');
INSERT INTO product (nature, name, image, description) VALUES ('CBD','Red Pure', '' ,'Óleo de CBD Puro Full Spectrum');
INSERT INTO product (nature, name, image, description) VALUES ('CBD','Super Sweet Grass', '' ,'Óleo de CBD Puro Full Spectrum');
INSERT INTO product (nature, name, image, description) VALUES ('CBD','Northen Lights', '' ,'Óleo de CBD Puro Full Spectrum');
INSERT INTO product (nature, name, image, description) VALUES ('CBDHybrid','Sweet Nurse', '' ,'Óleo de CBD Híbrido com THC Full Spectrum');
INSERT INTO product (nature, name, image, description) VALUES ('CBDHybrid','Stress Killer', '' ,'Óleo de CBD Híbrido com THC Full Spectrum');
INSERT INTO product (nature, name, image, description) VALUES ('CBDHybrid','Painkiller', '' ,'Óleo de CBD Híbrido com THC Full Spectrum');
INSERT INTO product (nature, name, image, description) VALUES ('CBDHybrid','Euphoria', '' ,'Óleo de CBD Híbrido com THC Full Spectrum');
INSERT INTO product (nature, name, image, description) VALUES ('CBDHybrid','Soganjah', '' ,'Óleo de CBD Híbrido com THC Full Spectrum');
INSERT INTO product (nature, name, image, description) VALUES ('CBDHybrid','Green Gelato', '' ,'Óleo de CBD Híbrido com THC Full Spectrum');
INSERT INTO product (nature, name, image, description) VALUES ('CBDHybrid','Medic Haze', '' ,'Óleo de CBD Híbrido com THC Full Spectrum');
INSERT INTO product (nature, name, image, description) VALUES ('CBDHybrid','Jack Diesel', '' ,'Óleo de CBD Híbrido com THC Full Spectrum');
INSERT INTO product (nature, name, image, description) VALUES ('CBDHybrid','Sweet Love', '' ,'Óleo de CBD Híbrido com THC Full Spectrum');
INSERT INTO product (nature, name, image, description) VALUES ('CBDHybrid','Earthquake', '' ,'Óleo de CBD Híbrido com CBG Full Spectrum');
INSERT INTO product (nature, name, image, description) VALUES ('CBG','Sologerol', '' ,'Óleo de CBG Puro Full Spectrum');
INSERT INTO product (nature, name, image, description) VALUES ('CBG','White Giant', '' ,'Óleo de CBG Puro Full Spectrum');
INSERT INTO product (nature, name, image, description) VALUES ('CBG','Force', '' ,'Óleo de CBG Puro Full Spectrum');
INSERT INTO product (nature, name, image, description) VALUES ('CBG','Eboshi', '' ,'Óleo de CBG Puro Full Spectrum');
INSERT INTO product (nature, name, image, description) VALUES ('CBG','Exotic Pure', '' ,'Óleo de CBG Puro Full Spectrum');
INSERT INTO product (nature, name, image, description) VALUES ('CBG','Relief', '' ,'Óleo de CBG Puro Full Spectrum');
INSERT INTO product (nature, name, image, description) VALUES ('CBG','Royal', '' ,'Óleo de CBG Puro Full Spectrum');
INSERT INTO state (name) VALUES ('Pará');
INSERT INTO city (name, state_id) VALUES ('Abaetetuba', 1);
INSERT INTO address (city_id, state_id, complement, number, street) VALUES (1, 1,'São João', '150', 'Bela Vista');
INSERT INTO department (location_id, description, name) VALUES (1, 'Sales Departament', 'Vendas');
INSERT INTO employee (first_name, last_name, cpf, birth_date, email, phone, address, salary, department_id) VALUES('Pedro Cássio', 'Dias de Amorim', '983.635.492-15', '1995-09-29', 'amorimpedrocassio@gmail.com', '(91) 99233-1623', 'Passagem Bela Vista, 150, São João' , 10000.0 , 1);
INSERT INTO employee (first_name, last_name, cpf, birth_date, email, phone, address, salary ) VALUES('Seu Pedrinho', '24h/7d', '999.999.999-99', '1990-10-11', 'seupedrinho@gmail.com', '(91) 99255-9999', 'Passagem Bela Vista, 150, São João' , 5000.0 );
INSERT INTO employee (first_name, last_name, cpf, birth_date, email, phone, address, salary ) VALUES('Potal', 'Senhor Pícolo', '999.999.999-99', '1960-10-11', 'potal@gmail.com', '(91) 99211-9999', 'Dom Pedro I, 456 , São João' , 3000.0 );
INSERT INTO cannabis_product (cannabis_id, product_id, dosage, price, volume, weight) VALUES (1, 1, 1000, 150, 50, 75);
INSERT INTO cannabis_product (cannabis_id, product_id, dosage, price, volume, weight) VALUES (2, 2, 500, 450, 50, 75);
INSERT INTO cannabis_product (cannabis_id, product_id, dosage, price, volume, weight) VALUES (3, 3, 500, 450, 50, 75);
INSERT INTO cannabis_product (cannabis_id, product_id, dosage, price, volume, weight) VALUES (4, 4, 500, 450, 50, 75);
INSERT INTO cannabis_product (cannabis_id, product_id, dosage, price, volume, weight) VALUES (5, 5, 500, 450, 50, 75);
INSERT INTO cannabis_product (cannabis_id, product_id, dosage, price, volume, weight) VALUES (6, 6, 500, 450, 50, 75);
INSERT INTO cannabis_product (cannabis_id, product_id, dosage, price, volume, weight) VALUES (7, 7, 500, 450, 50, 75);
INSERT INTO cannabis_product (cannabis_id, product_id, dosage, price, volume, weight) VALUES (8, 8, 500, 450, 50, 75);
INSERT INTO cannabis_product (cannabis_id, product_id, dosage, price, volume, weight) VALUES (9, 9, 500, 450, 50, 75);
INSERT INTO cannabis_product (cannabis_id, product_id, dosage, price, volume, weight) VALUES (10, 10, 500, 450, 50, 75);
INSERT INTO cannabis_product (cannabis_id, product_id, dosage, price, volume, weight) VALUES (11, 11, 500, 450, 50, 75);
INSERT INTO cannabis_product (cannabis_id, product_id, dosage, price, volume, weight) VALUES (12, 12, 500, 450, 50, 75);
INSERT INTO cannabis_product (cannabis_id, product_id, dosage, price, volume, weight) VALUES (13, 13, 500, 450, 50, 75);
INSERT INTO cannabis_product (cannabis_id, product_id, dosage, price, volume, weight) VALUES (14, 14, 500, 450, 50, 75);
INSERT INTO cannabis_product (cannabis_id, product_id, dosage, price, volume, weight) VALUES (15, 15, 500, 450, 50, 75);
INSERT INTO cannabis_product (cannabis_id, product_id, dosage, price, volume, weight) VALUES (16, 16, 500, 450, 50, 75);
INSERT INTO cannabis_product (cannabis_id, product_id, dosage, price, volume, weight) VALUES (17, 17, 500, 450, 50, 75);
INSERT INTO cannabis_product (cannabis_id, product_id, dosage, price, volume, weight) VALUES (18, 18, 500, 450, 50, 75);
INSERT INTO cannabis_product (cannabis_id, product_id, dosage, price, volume, weight) VALUES (19, 19, 500, 450, 50, 75);
INSERT INTO cannabis_product (cannabis_id, product_id, dosage, price, volume, weight) VALUES (20, 20, 500, 450, 50, 75);
INSERT INTO cannabis_product (cannabis_id, product_id, dosage, price, volume, weight) VALUES (21, 21, 500, 450, 50, 75);
INSERT INTO cannabis_product (cannabis_id, product_id, dosage, price, volume, weight) VALUES (22, 22, 500, 450, 50, 75);
INSERT INTO cannabis_product (cannabis_id, product_id, dosage, price, volume, weight) VALUES (23, 23, 500, 450, 50, 75);
INSERT INTO cannabis_product (cannabis_id, product_id, dosage, price, volume, weight) VALUES (24, 24, 500, 450, 50, 75);
INSERT INTO cannabis_product (cannabis_id, product_id, dosage, price, volume, weight) VALUES (25, 25, 500, 450, 50, 75);
INSERT INTO cannabis_product (cannabis_id, product_id, dosage, price, volume, weight) VALUES (26, 26, 500, 450, 50, 75);
INSERT INTO cannabis_product (cannabis_id, product_id, dosage, price, volume, weight) VALUES (27, 27, 500, 450, 50, 75);
INSERT INTO cannabis_product (cannabis_id, product_id, dosage, price, volume, weight) VALUES (28, 28, 500, 450, 50, 75);
INSERT INTO cannabis_product (cannabis_id, product_id, dosage, price, volume, weight) VALUES (29, 29, 500, 450, 50, 75);
INSERT INTO cannabis_product (cannabis_id, product_id, dosage, price, volume, weight) VALUES (30, 30, 500, 450, 50, 75);
INSERT INTO cannabis_product (cannabis_id, product_id, dosage, price, volume, weight) VALUES (31, 31, 500, 450, 50, 75);
INSERT INTO cannabis_product (cannabis_id, product_id, dosage, price, volume, weight) VALUES (32, 32, 500, 450, 50, 75);
INSERT INTO cannabis_product (cannabis_id, product_id, dosage, price, volume, weight) VALUES (33, 33, 500, 450, 50, 75);
INSERT INTO cannabis_product (cannabis_id, product_id, dosage, price, volume, weight) VALUES (34, 34, 500, 450, 50, 75);
INSERT INTO cannabis_product (cannabis_id, product_id, dosage, price, volume, weight) VALUES (35, 35, 500, 450, 50, 75);
INSERT INTO cannabis_product (cannabis_id, product_id, dosage, price, volume, weight) VALUES (36, 36, 500, 450, 50, 75);
INSERT INTO cannabis_product (cannabis_id, product_id, dosage, price, volume, weight) VALUES (37, 37, 500, 450, 50, 75);
INSERT INTO cannabis_product (cannabis_id, product_id, dosage, price, volume, weight) VALUES (38, 38, 500, 450, 50, 75);
INSERT INTO cannabis_product (cannabis_id, product_id, dosage, price, volume, weight) VALUES (39, 39, 500, 450, 50, 75);
INSERT INTO cannabis_product (cannabis_id, product_id, dosage, price, volume, weight) VALUES (40, 40, 500, 450, 50, 75);